<?xml version="1.0" encoding="UTF-8"?>
<theme name="Apart Calm" version="1600">
	<properties>
		<templateset><![CDATA[15]]></templateset>
		<editortheme><![CDATA[default]]></editortheme>
		<imgdir><![CDATA[images/calm]]></imgdir>
		<logo><![CDATA[images/calm/logo.png]]></logo>
		<tablespace><![CDATA[5]]></tablespace>
		<borderwidth><![CDATA[0]]></borderwidth>
	</properties>
	<stylesheets>
		<stylesheet name="css3.css" version="1600"><![CDATA[tr td.trow1:first-child,
tr td.trow2:first-child,
tr td.trow_shaded:first-child {
	border-left: 0;
}

tr td.trow1:last-child,
tr td.trow2:last-child,
tr td.trow_shaded:last-child {
	border-right: 0;
}

.tborder {
	-moz-border-radius: 7px;
	-webkit-border-radius: 7px;
	border-radius: 7px;
}

.thead,
.rounded_top {
	-moz-border-radius-topleft: 6px;
	-moz-border-radius-topright: 6px;
	-webkit-border-top-left-radius: 6px;
	-webkit-border-top-right-radius: 6px;
	border-top-left-radius: 6px;
	border-top-right-radius: 6px;
}

.tfoot,
.rounded_bottom {
	-moz-border-radius-bottomleft: 6px;
	-moz-border-radius-bottomright: 6px;
	-webkit-border-bottom-left-radius: 6px;
	-webkit-border-bottom-right-radius: 6px;
	border-bottom-left-radius: 6px;
	border-bottom-right-radius: 6px;
}

input.textbox,
select,
textarea,
.editor_control_bar,
fieldset,
.popup_menu {
	-moz-border-radius: 5px;
	-webkit-border-radius: 5px;
	border-radius: 5px;
}

.popup_menu .popup_item_container:first-child .popup_item {
	-moz-border-radius-topleft: 4px;
	-moz-border-radius-topright: 4px;
	-webkit-border-top-left-radius: 4px;
	-webkit-border-top-right-radius: 4px;
	border-top-left-radius: 4px;
	border-top-right-radius: 4px;	
}

.popup_menu .popup_item_container:last-child .popup_item {
	-moz-border-radius-bottomleft: 4px;
	-moz-border-radius-bottomright: 4px;
	-webkit-border-bottom-left-radius: 4px;
	-webkit-border-bottom-right-radius: 4px;
	border-bottom-left-radius: 4px;
	border-bottom-right-radius: 4px;
}

.pagination a {
	-moz-border-radius: 5px;
	-webkit-border-radius: 5px;
	border-radius: 5px;
}

		
		
		]]>
		</stylesheet>
		<stylesheet name="global.css" version="1600"><![CDATA[body {
	background: #222 url(images/calm/bg.png);
	color: #000;
	text-align: center;
	line-height: 1.4;
	margin: 0;
	
	font-family: Tahoma, Verdana, Arial, Sans-Serif;
	font-size: 13px;
}

a:link {
	color: #555;
	text-decoration: none;
}

a:visited {
	color: #444;
	text-decoration: none;
}

a:hover, a:active {
	color: #000;
	text-decoration: underline;
}

#container {
	color: #000;
	text-align: left;
	line-height: 1.4;
	margin: 0;
	font-family: Tahoma, Verdana, Arial, Sans-Serif;
	font-size: 13px;
}

.wrapper {
	width: 85%;
	min-width: 970px;
	max-width: 1500px;
	margin: auto auto;
}

#logo {
	background: #385947 url(images/calm/header.png) top left repeat-x;
	border-bottom: 1px solid #263c30;
}

#content {
	background: #fff;
	width: auto !important;
	padding: 20px 10px;
	overflow: hidden;
	border-bottom: 1px solid #000;
}

#panel ul.menu {
	margin: 0;
	padding: 0;
	list-style: none;
}

#panel ul.menu li {
	margin: 0 5px;
	display: inline;
}

#panel ul.menu li a {
	padding-left: 20px;
	background-repeat: no-repeat;
	background-position: left center;
}

#panel .upper ul.top_links {
	float: right;
	font-weight: bold;
}

#panel .upper ul.top_links a.search {
	background-image: url(images/calm/icons/search.gif);
}

#panel .upper ul.top_links a.memberlist {
	background-image: url(images/calm/icons/memberlist.gif);
}

#panel .upper ul.top_links a.calendar {
	background-image: url(images/calm/icons/calendar.gif);
}

#panel .upper ul.top_links a.help {
	background-image: url(images/calm/icons/help.gif);
}

#panel .upper a.logout {
	font-weight: bold;
	background: url(images/calm/icons/logout.gif) right no-repeat;
	padding-right: 20px;
	margin-left: 10px;
}

#panel .upper a.login,
#panel .upper a.lost_password {
	background: url(images/calm/icons/login.gif) no-repeat;
	padding-left: 20px;
	margin-left: 10px;
	font-weight: bold;
}

#panel .upper a.register {
	background: url(images/calm/icons/logout.gif) right no-repeat;
	padding-right: 20px;
	margin-left: 10px;
	font-weight: bold;
}

#panel .lower ul.panel_links {
	float: left;
}

#panel .lower ul.panel_links a.usercp {
	background-image: url(images/calm/icons/usercp.gif);
}

#panel .lower ul.panel_links a.modcp {
	background-image: url(images/calm/icons/modcp.gif);
}

#panel .lower ul.panel_links a.admincp {
	background-image: url(images/calm/icons/admincp.gif);
}

#panel .lower ul.user_links {
	float: right;
}

#panel .lower ul.user_links li a {
	padding: 0;
}

#panel .upper {
	background: #0f0f0f url(images/calm/tcat.png) repeat-x;
	color: #fff;
	border-top: 1px solid #444;
	border-bottom: 1px solid #000;
	padding: 7px;
}

#panel .upper a:link,
#panel .upper a:visited,
#panel .upper a:hover,
#panel .upper a:active {
	color: #fff;
}

#panel .lower {
	background: #efefef;
	color: #999;
	border-top: 1px solid #fff;
	border-bottom: 1px solid #ccc;
	overflow: hidden;
	padding: 5px;
}

#panel .lower a:link,
#panel .lower a:visited {
	color: #666;
}

#panel .lower a:hover,
#panel .lower a:active {
	color: #333;
	text-decoration: none;
}

#panel .remember_me input {
	vertical-align: middle;
	margin: -3px 0 0 5px;
}

#panel input {
	margin: -3px 0;
}

#panel input.button {
	padding: 0;
}

#footer ul.menu {
	margin: 0;
	padding: 0;
	list-style: none;
}

#footer ul.menu li {
	margin: 0 5px;
	display: inline;
}

#footer .upper {
	background: #0f0f0f url(images/calm/tcat.png) repeat-x;
	border-bottom: 1px solid #000;
	padding: 6px;
	overflow: hidden;
	
	font-size: 12px;
}

#footer a:link,
#footer a:visited {
	color: #aaa;
}

#footer a:hover,
#footer a:active {
	color: #fff;
	text-decoration: none;
}

#footer .upper .language {
	float: right;
	margin: -2px;
}

#footer .upper .language select {
	border-color: #000;
}

#footer .upper ul.bottom_links {
	float: left;
	margin: 3px 0 0 -5px;
}

#footer .lower {
	background: #385a48 url(images/calm/thead.png) top left repeat-x;
	color: #fff;
	border-bottom: 1px solid #263c30;
	overflow: hidden;
	padding: 6px;
	
	font-size: 11px;
}

#footer .lower a:link,
#footer .lower a:visited {
	color: #fff;
	font-weight: bold;
}

#footer .lower a:hover,
#footer .lower a:active {
	color: #fff;
	text-decoration: underline;
	font-weight: bold;
}

#footer .lower #current_time {
	float: right;
}

fieldset {
	border: 1px solid #ddd;
}

table {
	color: #000000;
	font-size: 13px;
}

.tborder {
	background: #fff;
	width: 100%;
	margin: auto auto;
	border: 1px solid #ccc;
	padding: 1px;
}

.thead {
	background: #385947 url(images/calm/thead.png) top left repeat-x;
	color: #ffffff;
	border-bottom: 1px solid #263c30;
	padding: 8px;
}

.thead a:link {
	color: #ffffff;
	text-decoration: none;
}

.thead a:visited {
	color: #ffffff;
	text-decoration: none;
}

.thead a:hover, .thead a:active {
	color: #ffffff;
	text-decoration: underline;
}

.tcat {
	background: #0f0f0f url(images/calm/tcat.png) repeat-x;
	color: #fff;
	border-top: 1px solid #444;
	border-bottom: 1px solid #000;
	padding: 6px;
	
	font-size: 12px;
}

.tcat a:link {
	color: #fff;
}

.tcat a:visited {
	color: #fff;
}

.tcat a:hover, .tcat a:active {
	color: #fff;
}

.trow1 {
	background: #f5f5f5;
	border: 1px solid;
	border-color: #fff #ddd #ddd #fff;
}

.trow2 {
	background: #efefef;
	border: 1px solid;
	border-color: #fff #ddd #ddd #fff;
}

.trow_shaded {
	background: #ffdde0;
	border: 1px solid;
	border-color: #fff #ffb8be #ffb8be #fff;
}

.trow_selected td {
	background: #FFFBD9;
	color: #000;
	border-right-color: #F7E86A;
	border-bottom-color: #F7E86A;
}

.trow_selected td a:link,
.trow_selected td a:visited,
.trow_selected td a:hover,
.trow_selected td a:active {
	color: #000;
}

.trow_sep {
	background: #ddd;
	color: #000;
	border-bottom: 1px solid #c5c5c5;
	padding: 6px;
	font-size: 12px;
	font-weight: bold;
}

.tfoot {
	background: #385a48 url(images/calm/thead.png) top left repeat-x;
	color: #ffffff;
	border-top: 1px solid #fff;
	padding: 6px;
}

.tfoot a:link {
	color: #ffffff;
	text-decoration: none;
}

.tfoot a:visited {
	color: #ffffff;
	text-decoration: none;
}

.tfoot a:hover, .tfoot a:active {
	color: #ffffff;
	text-decoration: underline;
}

.thead input.textbox,
.thead select,
.tfoot input.textbox,
.tfoot select {
	border: 1px solid #263c30;
}

.bottommenu {
	background: #efefef;
	color: #000000;
	border: 1px solid #4874a3;
	padding: 10px;
}

.navigation {
	color: #000000;
	font-size: 12px;
}

.navigation a:link {
	text-decoration: none;
}

.navigation a:visited {
	text-decoration: none;
}

.navigation a:hover, .navigation a:active {
	text-decoration: none;
}

.navigation .active {
	color: #000000;
	font-size: small;
	font-weight: bold;
}

.smalltext {
	font-size: 11px;
}

.largetext {
	font-size: 16px;
	font-weight: bold;
}

input.textbox {
	background: #ffffff;
	color: #000000;
	border: 1px solid #ccc;
	padding: 3px;
	
	font-family: Tahoma, Verdana, Arial, Sans-Serif;
}

textarea {
	background: #ffffff;
	color: #000000;
	border: 1px solid #ccc;
	padding: 2px;
	line-height: 1.4;
	
	font-family: Tahoma, Verdana, Arial, Sans-Serif;
	font-size: 13px;
}

select {
	background: #ffffff;
	padding: 3px;
	border: 1px solid #ccc;
	
	font-family: Tahoma, Verdana, Arial, Sans-Serif;
}

input.button {
	padding: 2px;
	cursor: pointer;
	font-family: Tahoma, Verdana, Arial, Sans-Serif;
}

.editor {
	background: #f1f1f1;
	border: 1px solid #ccc;
}

.editor_control_bar {
	background: #fff;
	border: 1px solid #ccc;
}

.autocomplete {
	background: #fff;
	color: black;
	border: 1px solid #ccc;
	padding: 1px;
}

.autocomplete_selected {
	background: #48715b;
	color: #fff;
}

.popup_menu {
	background: #fff;
	border: 1px solid #ccc;
}

.popup_menu .popup_item {
	background: #efefef;
	color: #000;
}

.popup_menu .popup_item:hover {
	background: #48715b;
	color: #fff;
}

.trow_reputation_positive {
	background: #ccffcc;
}

.trow_reputation_negative {
	background: #ffcccc;
}

.reputation_positive {
	color: green;
}

.reputation_neutral {
	color: #444;
}

.reputation_negative {
	color: red;
}

.invalid_field {
	border: 1px solid #f30;
	color: #f30;
}

.valid_field {
	border: 1px solid #0c0;
}

.validation_error {
	background: url(images/invalid.gif) no-repeat center left;
	color: #f30;
	margin: 5px 0;
	padding: 5px;
	font-weight: bold;
	font-size: 11px;
	padding-left: 22px;
}

.validation_success {
	background: url(images/valid.gif) no-repeat center left;
	color: #00b200;
	margin: 5px 0;
	padding: 5px;
	font-weight: bold;
	font-size: 11px;
	padding-left: 22px;
}

.validation_loading {
	background: url(images/spinner.gif) no-repeat center left;
	color: #555;
	margin: 5px 0;
	padding: 5px;
	font-weight: bold;
	font-size: 11px;
	padding-left: 22px;
}

/* Additional CSS (Master) */
img {
	border: none;
}

.clear {
	clear: both;
}

.hidden {
	display: none;
	float: none;
	width: 1%;
}

.hiddenrow {
	display: none;
}

.selectall {
	background: #FFFBD9;
	border-bottom: 1px solid #F7E86A;
	color: #000;
	text-align: center;
}

.float_left {
	float: left;
}

.float_right {
	float: right;
}

.expcolimage {
	float: right;
	width: auto;
	vertical-align: middle;
	margin-top: 3px;
}

img.attachment {
	border: 1px solid #E9E5D7;
	padding: 2px;
}

hr {
	background-color: #000000;
	color: #000000;
	height: 1px;
	border: 0px;
}

#debug {
	float: right;
	text-align: right;
	margin-top: 20px;
	
	font-size: 11px;
}

blockquote {
	border: 1px solid #ccc;
	margin: 0;
	background: #fff;
	padding: 4px;
}

blockquote cite {
	font-weight: bold;
	border-bottom: 1px solid #ccc;
	font-style: normal;
	display: block;
	margin: 4px 0;
}

blockquote cite span {
	float: right;
	font-weight: normal;
}

blockquote cite span.highlight {
	float: none;
	font-weight: bold;
	padding-bottom: 0;
}

.codeblock {
	background: #fff;
	border: 1px solid #ccc;
	padding: 4px;
}

.codeblock .title {
	border-bottom: 1px solid #ccc;
	font-weight: bold;
	margin: 4px 0;
}

.codeblock code {
	overflow: auto;
	height: auto;
	max-height: 200px;
	display: block;
	font-family: Monaco, Consolas, Courier, monospace;
	font-size: 13px;
}

.subforumicon {
	border: 0;
	vertical-align: middle;
}

.separator {
	margin: 5px;
	padding: 0;
	height: 0px;
	font-size: 1px;
	list-style-type: none;
}

form {
	margin: 0;
	padding: 0;
}

.popup_menu .popup_item_container {
	margin: 1px;
	text-align: left;
}

.popup_menu .popup_item {
	display: block;
	padding: 4px;
	white-space: nowrap;
	
	text-decoration: none;
}

.popup_menu a.popup_item:hover {
	text-decoration: none;
}

.autocomplete {
	text-align: left;
}

.subject_new {
	font-weight: bold;
}

.highlight {
	background: #FFFFCC;
	padding-top: 3px;
	padding-bottom: 3px;
}

.pm_alert {
	background: #FFF6BF;
	border: 1px solid #FFD324;
	text-align: center;
	padding: 5px 20px;
	margin-bottom: 15px;
	font-size: 11px;
}

.red_alert {
	background: #FBE3E4;
	border: 1px solid #A5161A;
	color: #A5161A;
	text-align: center;
	padding: 5px 20px;
	margin-bottom: 15px;
	font-size: 11px;
}

.high_warning {
	color: #CC0000;
}

.moderate_warning {
	color: #F3611B;
}

.low_warning {
	color: #AE5700;
}

div.error {
	padding: 5px 10px;
	border-top: 2px solid #FFD324;
	border-bottom: 2px solid #FFD324;
	background: #FFF6BF;
	font-size: 12px;
}

div.error p {
	margin: 0;
	color: #000;
	font-weight: normal;
}

div.error p em {
	font-style: normal;
	font-weight: bold;
	padding-left: 24px;
	display: block;
	color: #C00;
	background: url(images/error.gif) no-repeat 0;
}

div.error.ul {
	margin-left: 24px;
}

.online {
	color: #15A018;
}

.offline {
	color: #C7C7C7;
}

.pagination {
	font-size: 11px;
	padding-top: 10px;
	margin-bottom: 5px;
}

.tfoot .pagination, .tcat .pagination {
	padding-top: 0;
}

.pagination .pages {
	font-weight: bold;
}

.pagination .pagination_current, .pagination a {
	padding: 3px 6px;
	margin-bottom: 3px;
}

.pagination a {
	background: #f5f5f5;
	border: 1px solid #ccc;
}

.pagination .pagination_current {
	background: none;
	color: #000;
	border: none;
	
	font-weight: bold;
}

.pagination a:hover {
	background: #48715b;
	color: #fff;
	border-color: #263c30;
	
	text-decoration: none;
}

.thread_legend, .thread_legend dd {
	margin: 0;
	padding: 0;
}

.thread_legend dd {
	padding-bottom: 4px;
	margin-right: 15px;
}

.thread_legend img {
	margin-right: 4px;
	vertical-align: bottom;
}

.forum_legend, .forum_legend dt, .forum_legend dd {
	margin: 0;
	padding: 0;
}

.forum_legend dd {
	float: left;
	margin-right: 10px;
	margin-top: 7px;
}

.forum_legend dt {
	margin-right: 10px;
	float: left;
}

.success_message {
	color: #00b200;
	font-weight: bold;
	font-size: 10px;
	margin-bottom: 10px;
}

.error_message {
	color: #C00;
	font-weight: bold;
	font-size: 10px;
	margin-bottom: 10px;
}

.post_body {
	padding: 5px;
}

.post_buttons {
	background: #f5f5f5;
	padding: 3px 3px 0 3px;
	border-bottom: 1px solid #ddd;
}

.post_content {
	padding: 5px 10px;
}

.quick_jump {
	background: url(images/jump.gif) no-repeat 0;
	width: 13px;
	height: 13px;
	padding-left: 13px; /* amount of padding needed for image to fully show */
	vertical-align: middle;
	border: none;
}

.repbox {
	font-size:16px;
	font-weight: bold;
	padding:5px 7px 5px 7px;
}

._neutral {
	background-color:#FAFAFA;
	color: #999999;
	border:1px solid #CCCCCC;
}

._minus {
	background-color: #FDD2D1;
	color: #CB0200;
	border:1px solid #980201;
}

._plus {
	background-color:#E8FCDC;
	color: #008800;
	border:1px solid #008800;
}

.pagination_breadcrumb {
	background-color: #efefef;
	border: 1px solid #fff;
	outline: 1px solid #ccc;
	padding: 5px;
	margin-top: 5px;
	
	font-weight: normal;
}

.pagination_breadcrumb_link {
	vertical-align: middle;
	cursor: pointer;
}

form #message
{
    width: 500px;
}	]]>
		</stylesheet>
		<stylesheet name="star_ratings.css" attachedto="forumdisplay.php|showthread.php" version="1600"><![CDATA[
.star_rating,
.star_rating li a:hover,
.star_rating .current_rating {
	background: url(images/calm/star_rating.gif) left -1000px repeat-x;
	vertical-align: middle;
}

.star_rating {
	position: relative;
	width:80px;
	height:16px;
	overflow: hidden;
	list-style: none;
	margin: 0;
	padding: 0;
	background-position: left top;
}

td .star_rating {
	margin: auto;
}

.star_rating li {
	display: inline;
}

.star_rating li a,
.star_rating .current_rating {
	position: absolute;
	text-indent: -1000px;
	height: 16px;
	line-height: 16px;
	outline: none;
	overflow: hidden;
	border: none;
	top:0;
	left:0;
}

.star_rating_notrated li a:hover {
	background-position: left bottom;
}

.star_rating li a.one_star {
	width:20%;
	z-index:6;
}

.star_rating li a.two_stars {
	width:40%;
	z-index:5;
}

.star_rating li a.three_stars {
	width:60%;
	z-index:4;
}

.star_rating li a.four_stars {
	width:80%;
	z-index:3;
}

.star_rating li a.five_stars {
	width:100%;
	z-index:2;
}

.star_rating .current_rating {
	z-index:1;
	background-position: left center;
}

.star_rating_success, .success_message {
	color: #00b200;
	font-weight: bold;
	font-size: 10px;
	margin-bottom: 10px;
}

.inline_rating {
	background: url(images/calm/star_rating.gif) left -1000px repeat-x;
	float: left;
	vertical-align: middle;
	padding-right: 5px;
}


		
		]]>
		</stylesheet>
	</stylesheets>
	<templates>
		<template name="postbit" version="1600"><![CDATA[{$ignore_bit}
<a name="pid{$post['pid']}" id="pid{$post['pid']}"></a>
<table border="0" cellspacing="{$theme['borderwidth']}" cellpadding="{$theme['tablespace']}" class="tborder" style="margin-bottom: 5px; {$post_visibility}" id="post_{$post['pid']}">
	<tbody>
		<tr>
			<td class="tcat rounded_top">
				<div class="float_left smalltext">
					{$post['postdate']}, {$post['posttime']} <span id="edited_by_{$post['pid']}">{$post['editedmsg']}</span>
				</div>
				{$post['posturl']}
			</td>
		</tr>

		<tr>
			<td class="trow1 {$unapproved_shade}">
				<table cellspacing="0" cellpadding="0" border="0" style="width: 100%;">
					<tr>
						<td class="post_avatar" width="1" style="{$post['avatar_padding']}">
							{$post['useravatar']}
						</td>
						<td class="post_author">
							<strong><span class="largetext">{$post['profilelink']}</span></strong> {$post['onlinestatus']}<br />
							<span class="smalltext">
								{$post['usertitle']}<br />
								{$post['userstars']}
								{$post['groupimage']}
							</span>
						</td>
						<td class="smalltext post_author_info" width="165">
							{$post['user_details']}
						</td>
					</tr>
				</table>
			</td>
		</tr>

		<tr>
			<td class="trow2 post_content {$unapproved_shade}">
				<span class="smalltext"><strong>{$post['icon']}{$post['subject']} {$post['subject_extra']}</strong></span>

				<div class="post_body" id="pid_{$post['pid']}">
					{$post['message']}
				</div>
				{$post['attachments']}
				{$post['signature']}

				<div class="post_meta" id="post_meta_{$post['pid']}">
				{$post['iplogged']}
				</div>
			</td>
		</tr>

		<tr>
			<td class="trow1 post_buttons {$unapproved_shade}">
				<div class="author_buttons float_left">
					{$post['button_email']}{$post['button_pm']}{$post['button_www']}{$post['button_find']}{$post['button_rep']}
				</div>
				<div class="post_management_buttons float_right">{$post['button_edit']}{$post['button_quickdelete']}{$post['button_quote']}{$post['button_multiquote']}{$post['button_report']}{$post['button_warn']}{$post['button_reply_pm']}{$post['button_replyall_pm']}{$post['button_forward_pm']}{$post['button_delete_pm']}
				</div>
			</td>
		</tr>
	</tbody>
</table>]]></template>
		<template name="footer_languageselect" version="1600"><![CDATA[<div class="language">
<form method="{$lang_redirect_url['form_method']}" action="{$lang_redirect_url['location']}" id="lang_select">
	{$lang_redirect_url['form_html']}
	<select name="language" onchange="MyBB.changeLanguage();">
		<optgroup label="{$lang->select_language}">
			{$lang_options}
		</optgroup>
	</select>
	{$gobutton}
</form>
</div>]]></template>
		<template name="nav_sep" version="1600"><![CDATA[&rsaquo;]]></template>
		<template name="nav_sep_active" version="1600"><![CDATA[<br /><img src="{$theme['imgdir']}/nav_bit.gif" alt="" />]]></template>
		<template name="showthread" version="1600"><![CDATA[<html>
<head>
<title>{$thread['subject']}</title>
{$headerinclude}
<script type="text/javascript">
<!--
	var quickdelete_confirm = "{$lang->quickdelete_confirm}";
// -->
</script>
<script type="text/javascript" src="jscripts/thread.js?ver=1400"></script>
</head>
<body>
	{$header}
	{$pollbox}
	<div class="float_left">
		{$multipage}

	</div>
	<div class="float_right">
		{$newreply}
	</div>
	{$ratethread}
	<table border="0" cellspacing="{$theme['borderwidth']}" cellpadding="{$theme['tablespace']}" class="tborder" style="clear: both; margin-bottom: 5px;">
		<tr>
			<td class="thead rounded_bottom" colspan="2">
				<div style="float: right;">
					<span class="smalltext"><strong><a href="showthread.php?mode=threaded&amp;tid={$tid}&amp;pid={$pid}#pid{$pid}">{$lang->threaded}</a> | <a href="showthread.php?mode=linear&amp;tid={$tid}&amp;pid={$pid}#pid{$pid}">{$lang->linear}</a></strong></span>
				</div>
				<div>
					<strong>{$thread['threadprefix']}{$thread['subject']}</strong>
				</div>
			</td>
		</tr>
	</table>
	<div id="posts">
		{$posts}
	</div>
	<table border="0" cellspacing="{$theme['borderwidth']}" cellpadding="{$theme['tablespace']}" class="tborder">
		<tr>
			<td colspan="2" class="tfoot rounded_top">
				{$search_thread}
				<div>
					<strong>&laquo; <a href="{$next_oldest_link}">{$lang->next_oldest}</a> | <a href="{$next_newest_link}">{$lang->next_newest}</a> &raquo;</strong>
				</div>
			</td>
		</tr>
	</table>
	<div class="float_left">
		{$multipage}
	</div>
	<div style="padding-top: 4px;" class="float_right">
		{$newreply}
	</div>
	<br style="clear: both;" />
	{$quickreply}
	{$threadexbox}
	{$similarthreads}
	<br />
	<div class="float_left">
		<ul class="thread_tools">
			<li class="printable"><a href="printthread.php?tid={$tid}">{$lang->view_printable}</a></li>
			<li class="sendthread"><a href="sendthread.php?tid={$tid}">{$lang->send_thread}</a></li>
			<li class="subscription_{$add_remove_subscription}"><a href="usercp2.php?action={$add_remove_subscription}subscription&amp;tid={$tid}">{$add_remove_subscription_text}</a></li>
		</ul>
	</div>

	<div class="float_right" style="text-align: right;">
		{$moderationoptions}
		{$forumjump}
	</div>
	<br style="clear: both;" />
	{$usersbrowsing}
	{$footer}
</body>
</html>]]></template>
		<template name="header_welcomeblock_member_admin" version="1600"><![CDATA[<li><a href="{$mybb->settings['bburl']}/{$config['admin_dir']}/index.php" class="admincp">{$lang->welcome_admin}</a></li>]]></template>
		<template name="header_welcomeblock_member_moderator" version="1600"><![CDATA[<li><a href="{$mybb->settings['bburl']}/modcp.php" class="modcp">{$lang->welcome_modcp}</a></li>]]></template>
		<template name="footer" version="1600"><![CDATA[<div id="debug"><debugstuff></div>
	</div>
</div>
<div id="footer">
	<div class="upper">
		<div class="wrapper">
			{$lang_select}
			<ul class="menu bottom_links">
				<li><a href="{$mybb->settings['contactlink']}">{$lang->bottomlinks_contactus}</a></li>
				<li><a href="{$mybb->settings['homeurl']}">{$mybb->settings['homename']}</a></li>
				<li><a href="#top">{$lang->bottomlinks_returntop}</a></li>
				<li><a href="<archive_url>">{$lang->bottomlinks_litemode}</a></li>
				<li><a href="{$mybb->settings['bburl']}/misc.php?action=syndication">{$lang->bottomlinks_syndication}</a></li>
				<li><a href="{$mybb->settings['bburl']}/misc.php?action=help" class="help">{$lang->toplinks_help}</a></li>
			</ul>
		</div>
	</div>
	<div class="lower">
		<div class="wrapper">
			<span id="current_time">{$lang->welcome_current_time}</span>
			<span id="copyright">
				<!-- MyBB is free software developed and maintained by a volunteer community. 
					It would be much appreciated by the MyBB Group if you left the full copyright and "powered by" notice intact, 
					to show your support for MyBB.  If you choose to remove or modify the copyright below, 
					you may be refused support on the MyBB Community Forums.
				 
					This is free software, support us and we'll support you. -->
				(C)2013 BattleZone 2050 By Avenger
				{$lang->powered_by} <a href="http://www.mybboard.net" target="_blank">MyBB{$mybbversion}</a>, &copy; 2002-{$copy_year} <a href="http://www.mybboard.net" target="_blank">MyBB Group</a>.
				<!-- End powered by -->
			</span>
		</div>
	</div>
</div>
<!-- The following piece of code allows MyBB to run scheduled tasks. DO NOT REMOVE -->{$task_image}<!-- End task image code -->
{$auto_dst_detection}
</div>]]></template>
		<template name="header" version="1600"><![CDATA[<div id="container">
		<a name="top" id="top"></a>
		<div id="header">
			<div id="logo">
				<div class="wrapper">
					<a href="{$mybb->settings['bburl']}/index.php"><img src="{$theme['logo']}" alt="{$mybb->settings['bbname']}" title="{$mybb->settings['bbname']}" /></a>
				</div>
			</div>
			<div id="panel">
				<div class="upper"><!-- This div(class="upper") is closed in the header_welcomeblock_member and header_welcomeblock_guest templates -->
					<div class="wrapper">
						<ul class="menu top_links">
							<li><a href="{$mybb->settings['bburl']}/search.php" class="search">{$lang->toplinks_search}</a></li>
							<li><a href="{$mybb->settings['bburl']}/memberlist.php" class="memberlist">{$lang->toplinks_memberlist}</a></li>
							<li><a href="{$mybb->settings['bburl']}/calendar.php" class="calendar">{$lang->toplinks_calendar}</a></li>
						</ul>
						{$welcomeblock}
			</div>
		</div>
		<div id="content">
			<div class="wrapper">
				{$pm_notice}
				{$bannedwarning}
				{$bbclosedwarning}
				{$unreadreports}
				{$pending_joinrequests}
				<navigation>
				<br />]]></template>
		<template name="header_welcomeblock_guest" version="1600"><![CDATA[<script type="text/javascript">
<!--
	lang.username = "{$lang->login_username}";
	lang.password = "{$lang->login_password}";
	lang.login = "{$lang->login}";
	lang.lost_password = "<a href=\"{$mybb->settings['bburl']}/member.php?action=lostpw\" class=\"lost_password\">{$lang->lost_password}<\/a>";
	lang.register_url = "<a href=\"{$mybb->settings['bburl']}/member.php?action=register\" class=\"register\">{$lang->welcome_register}<\/a>";
	lang.remember_me = "{$lang->remember_me}";
// -->
</script>
<!-- Continuation of div(class="upper") as opened in the header template -->
	<span class="welcome" id="quick_login">{$lang->welcome_guest} <a href="{$mybb->settings['bburl']}/member.php?action=login" onclick="MyBB.quickLogin(); return false;" class="login">{$lang->welcome_login}</a> <a href="{$mybb->settings['bburl']}/member.php?action=register" class="register">{$lang->welcome_register}</a></span>
	</div>
</div>]]></template>
		<template name="header_welcomeblock_member" version="1600"><![CDATA[<!-- Continuation of div(class="upper") as opened in the header template -->
	<span class="welcome">{$lang->welcome_back} <a href="{$mybb->settings['bburl']}/member.php?action=logout&amp;logoutkey={$mybb->user['logoutkey']}" class="logout">{$lang->welcome_logout}</a></span>
	</div>
</div>
<div class="lower">
	<div class="wrapper">
		<ul class="menu panel_links">
			<li><a href="{$mybb->settings['bburl']}/usercp.php" class="usercp">{$lang->welcome_usercp}</a></li>
			{$modcplink}
			{$admincplink}
		</ul>
		<ul class="menu user_links">
			<li><a href="#" onclick="MyBB.popupWindow('{$mybb->settings['bburl']}/misc.php?action=buddypopup', 'buddyList', 350, 350);">{$lang->welcome_open_buddy_list}</a></li>
			<li><a href="{$mybb->settings['bburl']}/search.php?action=getnew">{$lang->welcome_newposts}</a></li>
			<li><a href="{$mybb->settings['bburl']}/search.php?action=getdaily">{$lang->welcome_todaysposts}</a></li>
			<li><a href="{$mybb->settings['bburl']}/private.php">{$lang->welcome_pms}</a> {$lang->welcome_pms_usage}</li>
		</ul>
	</div>
</div>]]></template>
	</templates>
</theme>